chr	nDSB	nOsc	nDel	nIns	nInv	nDup
1	0	0	0	0	0	0
2	0	0	0	0	0	0
3	0	0	0	0	0	0
4	5	0	0	13	6	0
5	0	0	0	0	0	0
6	0	0	0	0	0	0
7	0	0	0	0	0	0
8	0	0	0	0	0	0
9	2	1	0	3	2	1
10	6	2	0	7	3	1
11	0	0	0	0	0	0
12	0	0	0	0	0	0
13	9	7	4	10	4	2
14	0	0	0	0	0	0
15	0	0	0	0	0	0
16	0	0	0	0	0	0
17	0	0	0	0	0	0
18	1	1	1	1	1	0
19	0	0	0	0	0	0
20	1	0	0	2	0	0
21	0	0	0	0	0	0
22	0	0	0	0	0	0
1	0	0	0	0	0	0
2	0	0	0	0	0	0
3	0	0	0	0	0	0
4	9	1	1	25	9	0
5	1	0	0	2	0	0
6	0	0	0	0	0	0
7	0	0	0	0	0	0
8	0	0	0	0	0	0
9	4	3	3	4	1	0
10	14	2	1	16	2	0
11	0	0	0	0	0	0
12	0	0	0	0	0	0
13	15	5	3	20	8	2
14	0	0	0	0	0	0
15	0	0	0	0	0	0
16	0	0	0	0	0	0
17	1	1	1	2	1	0
18	1	1	1	1	0	0
19	0	0	0	0	0	0
20	1	0	0	2	0	0
21	0	0	0	0	0	0
22	1	0	0	2	0	0
