chrom1	start1	strand1	chrom2	end2	strand2	svclass
4	14382854	+	13	16584461	+	TRA
4	14382854	+	20	21680582	+	TRA
4	136780868	+	18	43203553	+	TRA
4	136780868	+	13	52773117	+	TRA
10	97751839	+	9	27237687	+	TRA
4	158771724	+	13	58709787	+	TRA
9	136619585	+	10	16773501	+	TRA
9	27237686	+	10	97751840	+	TRA
20	21680581	+	4	14382855	+	TRA
20	21680581	+	4	146239165	+	TRA
4	146239164	+	4	155162070	+	TRA
4	146239164	+	20	21680582	+	TRA
4	155162069	+	13	52773117	+	TRA
4	155162069	+	4	146239165	+	TRA
13	52773116	+	4	136780869	+	TRA
13	52773116	+	4	155162070	+	TRA
13	5670473	+	10	58953606	+	TRA
13	58709786	+	4	158771725	+	TRA
10	16773500	+	9	136619586	+	TRA
18	43203552	+	4	136780869	+	TRA
10	58953605	+	13	16584461	+	TRA
10	58953605	+	13	5670474	+	TRA
13	16584460	+	4	14382855	+	TRA
13	16584460	+	10	58953606	+	TRA
10	58953605	+	13	16584461	+	TRA
13	16584460	+	10	58953606	+	TRA
13	52773116	+	4	136780869	+	TRA
4	136780868	+	13	52773117	+	TRA
4	146239164	+	4	155162070	+	TRA
4	155162069	+	4	146239165	+	TRA
4	158771724	+	13	58709787	+	TRA
13	58709786	+	4	158771725	+	TRA
10	54767930	+	10	53126537	+	TRA
13	52856507	+	4	92849872	+	TRA
13	52411097	+	10	83203702	+	TRA
13	58438655	+	10	130829226	+	TRA
10	130829225	+	13	58438656	+	TRA
10	37760552	+	4	107709897	+	TRA
4	162155333	+	9	24959083	+	TRA
4	162155333	+	5	73132416	+	TRA
9	24959082	+	4	162155334	+	TRA
10	82391121	+	13	46926288	+	TRA
4	107709896	+	10	37760553	+	TRA
4	107709896	+	22	9035230	+	TRA
10	83203701	+	13	52411098	+	TRA
13	46926287	+	10	82391122	+	TRA
13	46926287	+	4	92849872	+	TRA
22	9035229	+	4	137360711	+	TRA
22	9035229	+	4	107709897	+	TRA
10	53126536	+	17	34545934	+	TRA
10	53126536	+	10	54767931	+	TRA
4	92849871	+	13	52856508	+	TRA
4	92849871	+	13	46926288	+	TRA
13	34607302	+	4	137360711	+	TRA
4	137360710	+	13	34607303	+	TRA
4	137360710	+	22	9035230	+	TRA
5	73132415	+	4	162155334	+	TRA
5	73132415	+	17	34545934	+	TRA
17	34545933	+	10	53126537	+	TRA
17	34545933	+	5	73132416	+	TRA
13	16584460	+	10	58953606	+	TRA
10	58953605	+	13	16584461	+	TRA
10	58953605	+	13	16584461	+	TRA
13	16584460	+	10	58953606	+	TRA
13	52773116	+	4	136780869	+	TRA
4	136780868	+	13	52773117	+	TRA
4	146239164	+	4	155162070	+	TRA
4	155162069	+	4	146239165	+	TRA
4	158771724	+	13	58709787	+	TRA
13	58709786	+	4	158771725	+	TRA
13	55654393	+	10	97751840	+	TRA
10	97751839	+	13	55654394	+	TRA
10	92544877	+	9	136619586	+	TRA
9	136619585	+	10	92544878	+	TRA
4	14382854	+	4	0	+	h2hINV
4	14382854	+	4	92849871	+	h2hINV
4	158771724	+	4	155162069	+	h2hINV
13	52773116	+	13	52856507	+	h2hINV
13	58709786	+	13	58438655	+	h2hINV
10	16773500	+	10	53126536	+	h2hINV
13	16584460	+	13	34607302	+	h2hINV
13	16584460	+	13	52773116	+	h2hINV
4	136780868	+	4	146239164	+	h2hINV
4	155162069	+	4	158771724	+	h2hINV
13	58709786	+	13	55758044	+	h2hINV
10	37760552	+	10	0	+	h2hINV
4	162155333	+	4	190214555	+	h2hINV
9	24959082	+	9	0	+	h2hINV
4	107709896	+	4	0	+	h2hINV
17	34545933	+	17	0	+	h2hINV
13	34607302	+	13	16584460	+	h2hINV
13	16584460	+	13	52773116	+	h2hINV
4	136780868	+	4	146239164	+	h2hINV
4	155162069	+	4	158771724	+	h2hINV
13	58709786	+	13	55654393	+	h2hINV
4	0	+	4	10000000	-	DEL
9	0	+	9	20000000	-	DEL
9	20000000	+	9	25000000	-	DEL
9	25000000	+	9	110000000	-	DEL
10	35000000	+	10	40000000	-	DEL
13	0	+	13	10000000	-	DEL
13	10000000	+	13	15000000	-	DEL
13	15000000	-	13	35000000	+	DUP
13	35000000	+	13	45000000	-	DEL
13	45000000	-	13	65000000	+	DUP
17	0	+	17	30000000	-	DEL
18	0	+	18	40000000	-	DEL
